code,descriptor,cperson,addr1,addr2,tel,fax,email,tin,branchid,id
253,999 COMPUTER HAUS,,"35 GEN. LUNA ST. TUKTUKAN,","TAGUIG, METRO MANILA",799-9002,,,911-510-315-000N,F8056E535D0B11E5ADBC00FF59FBB323,1
99,A.T.M. FRUIT CORNER,,"F-20 FIESTA, MARKET! MARKET!","GLOBAL CITY, TAGUIG CITY",,,,255-470-060-000N,F8056E535D0B11E5ADBC00FF59FBB323,2
5,ABENSON INC,,Fort Bonifacio Global City,,,,,000-050-036-046,F8056E535D0B11E5ADBC00FF59FBB323,3
142,ABSOLUTE SALES CORPORATION,,"CRISTOBAL ST., BRGY 662","ZONE 071 ERMITA, MANILA",,,,005-010-910-002V,F8056E535D0B11E5ADBC00FF59FBB323,4
64,ACE HARDWARE,,"BRD FLR, MARKET2 BONIFACIO",GLOBAL CIY TAGUIG,02 886-7694,,,200-035-311-020V,F8056E535D0B11E5ADBC00FF59FBB323,5
122,ACT'S PATEROS ENTERPRISES,,141M ALMEDA ST. SAN ROQUE,PATEROS METRO MANILA,641-5643,,,148-794-643-000,F8056E535D0B11E5ADBC00FF59FBB323,6
711,AFC CENTRAL OFFICE,,,,,,,205-257-440-000,F8056E535D0B11E5ADBC00FF59FBB323,7
254,AIROMA,,MARKET MARKET TAGUIG CITY,,,,,007-282-652-000V,F8056E535D0B11E5ADBC00FF59FBB323,8
206,ALABANG HOUSE,,AYALA ALABANG MUNTINLUPA CITY,,,,,,F8056E535D0B11E5ADBC00FF59FBB323,9
146,ALBEA MKTG,,"24 V. LUZON EXT. SANGANDAAN 1,",QUEZON CITY,455-27-82,453-77-16,,185-105-550-000,F8056E535D0B11E5ADBC00FF59FBB323,10
ASA,ALBERT S. ALQUIROS,,,,,,,,F8056E535D0B11E5ADBC00FF59FBB323,11
104,ALFE V. UBIAS,,"47 KALANTIAW ST.,BRGY MASAGANA",PROJ 4 QUEZON CITY,,,,126-696-972-000,F8056E535D0B11E5ADBC00FF59FBB323,12
92,ALL HOME CORP,,LEVI MARIANO AVENUE BRGY,USUSAN TAGUIG CITY,(02)994-9398,,,008-541-952-005,F8056E535D0B11E5ADBC00FF59FBB323,13
MOA,ALQUIROS FOOD CORPORATION,,H11-16 San Miguel By The Bay,SM Mall Of Asia Pasay City,556-9791,,,205-257-440-005,F8056E535D0B11E5ADBC00FF59FBB323,14
AVE,ALQUIROS FOOD CORPORATION,,G/F F11-F112/M-11-M112 Avenue,Mall Makati Ave. Makati City,728-1107,,,205-257-440-006,F8056E535D0B11E5ADBC00FF59FBB323,15
MAR,ALQUIROS FOOD CORPORATION,,G/F Market!Market! Fiesta,Fort Bonifacio Taguig Global,856-3095,0922-8629316,,205-257-440-004,F8056E535D0B11E5ADBC00FF59FBB323,16
91,AMERICAN BAZAAR,,3rd Level Metro Market!Market!,Fort Bonifacio Taguig City,,,,006-351-987-005,F8056E535D0B11E5ADBC00FF59FBB323,17
96,ANGEL FAMOUS GOURMET FOOD CORP,,"San Jose, Magalang, Pampanga",,,,,245-189-390-000,F8056E535D0B11E5ADBC00FF59FBB323,18
258,ARIEL VIRAY ENTERPRISES,,,SIGNL VILLAGE TAGUIG CITY,856-71-16,8370428,,111-319-619-000,F8056E535D0B11E5ADBC00FF59FBB323,19
34,AUGUSTINIAN FAMILY GROCERY,,TAGUIG CITY,,642-31-73,,,151-341-305-000,F8056E535D0B11E5ADBC00FF59FBB323,20
95,AUTOMATIC CENTER,,"S340-344 L3 MARKET MARKET,",BONIFACIO GLOBAL CITY TAGUIG,758-2552,,,000-107-881-028,F8056E535D0B11E5ADBC00FF59FBB323,21
1234,AUTOMATIC CENTRE,,MARKET MARKET BONIFACIO GLOBAL,CITY TAGUIG CITY,758-2552,,,000-107-881-028V,F8056E535D0B11E5ADBC00FF59FBB323,22
207,AVERY MANILA MARKETING CORP,,RM 310-B QUADSTAR BLDG.#80,ORTIGAS AVE.GREENHILLS SAN JUA,744-6220,744-6221/722-8594/5767707,,007-323-191-000V,F8056E535D0B11E5ADBC00FF59FBB323,23
106,BERMYKEL ENTERPRISES,,#65 SCOUT GANDIA BRGY.LAGING,HANDA QUEZON CITY,3714464,,,162-263-609-000V,F8056E535D0B11E5ADBC00FF59FBB323,24
125,BF ALABANG TRADING,,"202 NATIONAL ROAD, BAYANAN,",MUNTINLUPA CITY,,9087351128,,183-467-077-000V,F8056E535D0B11E5ADBC00FF59FBB323,25
226,BF FONTILLAS CONSTRUCTION CORP,,NATIONAL HIGH WAY ALABANG,MUN CITY,02 69-716-75,-,,0,F8056E535D0B11E5ADBC00FF59FBB323,26
73,BIR/PERMITS EXPENSES,,,,,,,,F8056E535D0B11E5ADBC00FF59FBB323,27
63,BOOKFOOD INTERNATIONAL INC,,#17 SEVILLA AVE.VIRGINIA SUMME,RVILLE PHASE II ANTIPOLO CITY,6826066/6819434,,infodesk@bookfoodintl.com,008-121-211-000V,F8056E535D0B11E5ADBC00FF59FBB323,28
36,BOOZE ON-LINE INC,,869 DOMINGO ST.BRGY.KASILAWAN,MAKATI CITY,895-7179,890-6046,,212-260-171-000,F8056E535D0B11E5ADBC00FF59FBB323,29
87,BRANDED RETAIL STORES INC,,# 538 MRR Manggahan Pasig City,,,,,220-059-826-000,F8056E535D0B11E5ADBC00FF59FBB323,30
51,BREWMASTER INTERNATIONAL INC,,"1085 SANCIANGCO ST.,OTIS",PACO MANILA,,,,000-078-295-005V,F8056E535D0B11E5ADBC00FF59FBB323,31
76,CAPITAL RICE TRADING,,STALL 1&2 FIESTA MARKET MARKET,"BONIFACIO,GLOBAL CITY TAGUIG",886-7773,886-7792,,210-984-320-000,F8056E535D0B11E5ADBC00FF59FBB323,32
2,CARBO ICE INC,,27 Apollo st.Vista Verde Exec.,"Village, Cainta Rizal",714-3161,,,007-084-287-000,F8056E535D0B11E5ADBC00FF59FBB323,33
66,CAROLINES,,147.12 G/F MARKET!MARKET!,FORT BONIFACIO GLOBAL CITY,,,,104-128-397-001,F8056E535D0B11E5ADBC00FF59FBB323,34
312,CD-R KING,,4/F Market!Market!Bonifacio,Global City Taguig City 1630,,,,008-163-059-043,F8056E535D0B11E5ADBC00FF59FBB323,35
590,CECILLE'S VEGGIES,,190 K-4th Kamuning Quezon City,,0923-7127461,,,000-000-000-000,F8056E535D0B11E5ADBC00FF59FBB323,36
615,CENTRAL HOME FURNISHING INC,,QUIAPO MANILA,,733-6375,,,000-081-409-000,F8056E535D0B11E5ADBC00FF59FBB323,37
114,CHASE MEGA CORPORATION,,"LAKANDULA DRIVE, TAGAS",DARAGA ALBAY,,,,004-979-990-000,F8056E535D0B11E5ADBC00FF59FBB323,38
223,CITY TREASURER OF TAGUIG,,"GEN. ANTONIO LUNA STREET.,",TUKTUKAN TAGUIG CITY,(632) 555-7839,,,0,F8056E535D0B11E5ADBC00FF59FBB323,39
89,CLEANKING DISTRIBUTOR OUTLET,,,,,,,131-972-163-000,F8056E535D0B11E5ADBC00FF59FBB323,40
860,COLEMAN PRESTIGE SALES & SERVICE CENTER,,2ND LEVEL ALABANG TOWN CENTER,EXPANSION MALL ZAPOTE,,,,110-310-197-003V,F8056E535D0B11E5ADBC00FF59FBB323,41
105,COMMUNITY COMMERCIAL,,"186 C. PALANCA ST.,",QUIAPO MANILA,,,,208-115-677-000V,F8056E535D0B11E5ADBC00FF59FBB323,42
84,COTTON TOUCH ENTERPRISE,,G/F MARKET MARKET BONIFACIO,GLOBAL CITY TAGUIG CITY,758-2541,,,206-392-841-000,F8056E535D0B11E5ADBC00FF59FBB323,43
88,DAISO JAPAN,,TAGUIG CITY,,,,,007-079-853-008,F8056E535D0B11E5ADBC00FF59FBB323,44
57,DAISY T. SANCHEZ,,190-K-4TH KAMUNING QUEZON,CITY,9237127461,,,,F8056E535D0B11E5ADBC00FF59FBB323,45
444,DAN DE LIMOS,,,,,,,,F8056E535D0B11E5ADBC00FF59FBB323,46
70,DESIGN 4U ENTERPRISES,EDISON L. LEE,MARKET MARKET BONIFACIO,GLOBAL CITY TAGUIG CITY,,,,196-788-639-001,F8056E535D0B11E5ADBC00FF59FBB323,47
1651,DIGITAL PARADISE INC,,G/F SUNTREE TOWER #27 SAPHIRE,"ROAD, ORTIGAS CENTER PASIG CIT",,,,219-621-613-178V,F8056E535D0B11E5ADBC00FF59FBB323,48
SUN,DIGITEL MOBILE PHILIPPINES INC,,29F GALLERIA CORPORATE CENTER,EDSA COR. ORTIGAS AVE.Q.C,,,,215-398-626-000V,F8056E535D0B11E5ADBC00FF59FBB323,49
333,DIMAX DISTRIBUTION ENTERPRISE,,#6 20TH AVENUE BRGY SAN ROQUE,MURPHY QUEZON CITY,4382223/4378856,0917-849-6864,,104-194-467-001V,F8056E535D0B11E5ADBC00FF59FBB323,50
6325,E.N.I INDUSTRIES SOLUTIONS PRODUCT,,"#12977 STA. ISABEL,MALOLOS",BULACAN,356-84-26,9084164326,,2997-2166V,F8056E535D0B11E5ADBC00FF59FBB323,51
7,ELIZABETH BURGOS,,STALL 55& 56 ALABANG PUBLIC,MRKET ALABANG JUNCTION MUN CTY,868-61-01,,,,F8056E535D0B11E5ADBC00FF59FBB323,52
234,ENVIRONMENTAL VENTURES MARKETING INC,,"#6 M.I.A. ROAD, TAMBO,",PARANAQUE CITY,,,,204-861-221-000V,F8056E535D0B11E5ADBC00FF59FBB323,53
168,ENVIRONMENTAL-HEALTH LABORATORY SERVICE COOP-SATEL,,490 GEN. LUNA ST. BRGY.,"TUKTUKAN, TAGUIG CITY",,,,202-963-260-001N,F8056E535D0B11E5ADBC00FF59FBB323,54
42,ERIC MANAOG,ERIC A. MANAOG-PROP.,PAS E&S 13813 GUADALUPE COMMER,CIAL COMPLEX NUEVO MAKATI CITY,949-8339,,,210-074-565-000N,F8056E535D0B11E5ADBC00FF59FBB323,55
169,ESTELOPE TRADING,,"MAIN OFFICE POBLACION 4,TIAONG",QUEZON,6680711,,,270-842-894-000V,F8056E535D0B11E5ADBC00FF59FBB323,56
909,FAIRLIGHT INTERNATIONAL CORPORATION,,"25 SANTAN ROAD., BRGY FORTUNE",PARANG MARIKINA CITY PHIL,+63(O2)788-2711,,,004-542-786-000,F8056E535D0B11E5ADBC00FF59FBB323,57
1014,FAMILYMART,,MARKET MARKET TAGUIG CITY,,,,,008-422-714-098V,F8056E535D0B11E5ADBC00FF59FBB323,58
129,FAST TRAX CORPORATION,,978 CASTANEDA STREET BRGY,NAMAYAN MANDALUYONG CITY,531-55-43,,,218-825-014-000,F8056E535D0B11E5ADBC00FF59FBB323,59
963,FIESTA FRUITS & VEGETABLES DEALER,ARACELI L. UY - PROP.,BLK7 LOT C MARKET!MARKET!FORT,BONIFACIO TAGUIG CITY,,,,250-040-480-000N,F8056E535D0B11E5ADBC00FF59FBB323,60
304,FIESTA MARKET RDEX FOOD INTENATIONAL PHIL. INC,,TAGUIG CITY,,889-9334,,,005-979-710-005V,F8056E535D0B11E5ADBC00FF59FBB323,61
FES,FIJON-6 FOODS,,Level 3 Unit 3062/B1 3061,Festival Supermall Alabang,850-4443,,,199-013-974-000,F8056E535D0B11E5ADBC00FF59FBB323,62
ATC,FIJON-6 FOODS,,Stall C Theatre Drive Alabang,Town Center Muntinlupa City,850-8830,9228629321,,199-013-974-001,F8056E535D0B11E5ADBC00FF59FBB323,63
CAL,FIJON-6 FOODS,,Unit 372 373 3rd Flr SM City,Brgy. Real Calamba City 4027,0923-7473026,,,199-013-974-002,F8056E535D0B11E5ADBC00FF59FBB323,64
FER,FILBERT'S-6 FOODS,,Unit 102A SM City San Fernando,Downtown Sto.Rosario Pampanga,,0923-7484230,,133-162-738-004,F8056E535D0B11E5ADBC00FF59FBB323,65
ANG,FILBERT'S-6 FOODS,,Levl 2 Space 2098 Marquee Mall,Pulung Maragul Angeles Pampnga,304-0938,0922-8629312,,133-162-738-002,F8056E535D0B11E5ADBC00FF59FBB323,66
TAG,FILBERT'S-6 FOODS,,Levl 1-108 Summit Ridge,Maharlika West Tagaytay Cavite,(046)483-0478,0922-8629313,,133-162-738-000,F8056E535D0B11E5ADBC00FF59FBB323,67
LIP,FILBERT'S-6 FOODS,,Levl 1-01236 Robinson's Place,Lipa J.P.Laurel H.way Batangas,757-6441,0922-8629302,,133-167-738-003,F8056E535D0B11E5ADBC00FF59FBB323,68
ROS,FILBERT'S-6 FOODS,,1058-1059 g/f SM City Sta.Rosa,Tagapo Sta. ROsa City Laguna,508-4392,0923-7473209,,133-162-738-005,F8056E535D0B11E5ADBC00FF59FBB323,69
HFT,FJN6 FOOD CORP,,"G/F SM HYPERMARKET FTI, FTI","COMPLEX DBP AVE, TAGUIG CITY",,,,000-000-000-000,F8056E535D0B11E5ADBC00FF59FBB323,70
GTR,FJN6 FOOD CORPORATION,,"V-CENTRAL MALL,GOV.DRIVE",MANGGAHAN GEN.TRIAS CAVITE,,,,008-880-161-000V,F8056E535D0B11E5ADBC00FF59FBB323,71
HSL,FJN6 FOOD CORPORATION,,"DR.SANTOS AVE. SUCAT,",PARANAQUE CITY,,,,006-070-024-001V,F8056E535D0B11E5ADBC00FF59FBB323,72
8,FLY ACE CORP,,,,,,,002-926-046-000,F8056E535D0B11E5ADBC00FF59FBB323,73
65,FRUTESCA FRUITS STORE,,21 FIESTA MARKET!MARKET! FORT,"BONIFACIO GLOBAL CITY,TAGUIG",,,,157-699-313-004,F8056E535D0B11E5ADBC00FF59FBB323,74
160,FUNCTION/FOOD ORDER/BUFFET,,,,,,,205-257-440-004,F8056E535D0B11E5ADBC00FF59FBB323,75
424,GAISANO INTERPACE CORPORATION,,UNIT B GILMORE COMM'L PLAZA,AVE.COR QUEZON CITY,,,,000-273-941-001,F8056E535D0B11E5ADBC00FF59FBB323,76
123,GALASINAO GENERAL MERCHANDISE,,B192 LT 3 PARAISO ST. PEMBO,MAKATI CITY,,,,262-915-608-000N,F8056E535D0B11E5ADBC00FF59FBB323,77
81,"GEN/TRANSPO,GAS,TOLL ETC.",,MARKET2 FORT BONIFACIO,GLOBAL CITY TAGUIG,856-30-95,,,205-257-440-004,F8056E535D0B11E5ADBC00FF59FBB323,78
SLE,GILIGAN'S IL CENTRO,,GRD.LEVEL IL CENTRO STA.LUCIA,EAST MALL MARCOS HWAY CAINTA,,,,006-070-024-011,F8056E535D0B11E5ADBC00FF59FBB323,79
SLP,GILIGAN'S ISLAND BAGUIO,,C.V. Starr Fil Am Village,Brgy Pamplona Dos Las Pi바s,,9423904069,,006-070-024-000,F8056E535D0B11E5ADBC00FF59FBB323,80
MOR,GILIGAN'S ISLAND BAGUIO INC,,27 TMORATO AVE. COR.E. LOPEZ,DRIVE BRGY.SOUTH TRIANGLE QC,,0932-119-6124,,0,F8056E535D0B11E5ADBC00FF59FBB323,81
HRB,GILIGAN'S ISLAND BAGUIO INC,,"UNIT 103 SM HYPER MARKET,ROSAR",ROSARIO IBAAN ROAD BATANGAS,,,,006-070-024-013V,F8056E535D0B11E5ADBC00FF59FBB323,82
STG,GILIGAN'S ISLAND BAGUIO INC,,G-FLR STARMALL PRIMA TAGUIG,USUSAN TAGUIG CITY,,,,006-070-024-000,F8056E535D0B11E5ADBC00FF59FBB323,83
PAM,GILIGAN'S ISLAND BAGUIO INC.,,Unit 228-A 2FLR SM City San,Jose San Fernando Pampanga Cit,0923-5870140,,,006-070-024-004,F8056E535D0B11E5ADBC00FF59FBB323,84
SHW,GILIGAN'S ISLAND BAGUIO INC.,,2/f Starmall EDSA Cor. Shaw,Boulevard Mandaluyong City,,0942-3904024,,006-070-024-002,F8056E535D0B11E5ADBC00FF59FBB323,85
ILO,GILIGAN'S ISLAND BAGUIO INC.,,Door 4 Smallville Business,Cntr G.Pison Ave.Mandurriao,0923-3415096,,,006-070-024-007,F8056E535D0B11E5ADBC00FF59FBB323,86
AFV,"GILIGAN'S ISLAND BAGUIO, INC",,2051 FAIRVIEW TERRACES QUIRINO,"HIGHWAY,NOVALICHESQUEZON CITY",,,,006-070-024-008,F8056E535D0B11E5ADBC00FF59FBB323,87
SJD,"GILIGAN'S ISLAND BAGUIO, INC.",,Unit 1 Starmall Brgy. Kaypian,San Jose Del Monte Bulacan,9423903947,,,006-070-024-003,F8056E535D0B11E5ADBC00FF59FBB323,88
PAV,"GILIGAN'S ISLAND BAGUIO,INC.",,G/F PAVILLION MALL BI베N,LAGUNA,,0925-301-7955,,006-070-024,F8056E535D0B11E5ADBC00FF59FBB323,89
CEB,GILIGAN'S ISLAND RESTAURANT&BAR CEBUCORP,,Level 3 The Terraces Ayala,Bus Center,417-1448,,,282-512-082-000,F8056E535D0B11E5ADBC00FF59FBB323,90
1,GILIGANS FTI,,TAGUIG CITY,,,,,0,F8056E535D0B11E5ADBC00FF59FBB323,91
90,GINEBRA SAN MIGUEL INC,,"St.Francis Street,Mandaluyong","City M,Mla Phil.",689-9100,,,000-083-856-000,F8056E535D0B11E5ADBC00FF59FBB323,92
981,GLOBAL CIGAR HOUSE,,G/F MARKET MARKET BONOFACIO,GLOBAL CITY TAGUIG CITY,,,,200-829-725-039,F8056E535D0B11E5ADBC00FF59FBB323,93
24,GLOBAL FRESH PRODUCTS,,S27 MARKET!FORT BONIFACIO,TAGUIG CITY,,,,200-413-397-001N,F8056E535D0B11E5ADBC00FF59FBB323,94
107,GOLDEX MANUFACTURING & TRADING CORP,,"163 Ligas 1, Bacoor, Cavite",,(046)8713052,,,004-689-238-000V,F8056E535D0B11E5ADBC00FF59FBB323,95
620,GOURMET MARKET,,TAGUIG ITY,,,,,000-666-945-011V,F8056E535D0B11E5ADBC00FF59FBB323,96
412,GRANULES TRADING,ARBERT B.GATCHALIAN-PROP.,#13 Biak Na Bato St. Sto.Ni밢,Quezon City,,,,293-972-088-000N,F8056E535D0B11E5ADBC00FF59FBB323,97
130,GRAY ENTERPRISES,,17 FIESTA MARKET! MARKET,BGC TAGUIG CITY,,,,185-974-822-000N,F8056E535D0B11E5ADBC00FF59FBB323,98
94,HEDDY MANZANO,,,,,,,,F8056E535D0B11E5ADBC00FF59FBB323,99
583,HITCHMEDIA DIGITAL PRINTING SERVICES,,#11 PAULINA BLDG. GEN LUNA ST.,TUKTUKAN TAGUIG CITY,,,,228-8506-777-000,F8056E535D0B11E5ADBC00FF59FBB323,100
16,HITCHMEDIA PHOTOCOPY SHOP,,TAGUIG CITY,,,,,228-856-777-000N,F8056E535D0B11E5ADBC00FF59FBB323,101
119,HOME AVENUE INTERIORS,john dimson,77 Unit A Circumferential Rd.,Antipolo City,630-6781/2469,,,910-723-905-001,F8056E535D0B11E5ADBC00FF59FBB323,102
167,IDEALISK IMPORT EXPORT,RAMON NOEL R.ROMANO PROP.,K 401 3/F THE BLOCK SM NORTH,EDSA BRGY.BAGONG PAG-ASA Q.C,,,,111-199-463-006V,F8056E535D0B11E5ADBC00FF59FBB323,103
897,IDEALISK INC,,G/F MARKET-MARKET FORT BONIF,TAGUIG,,,,007-282-652-007,F8056E535D0B11E5ADBC00FF59FBB323,104
4,ILDEFONSO REYES,,,,,,,,F8056E535D0B11E5ADBC00FF59FBB323,105
44,INK FOR LESS,,4/F MARKET!MARKET! GLOBAL CITY,TAGUIG CITY,,,,217-942-525-154,F8056E535D0B11E5ADBC00FF59FBB323,106
GLV,IONE-6 FOODS,,"3-035,3/F Glorietta 5 Ayala",Center Makati City,501-3058,9228629318,,232-360-252-001,F8056E535D0B11E5ADBC00FF59FBB323,107
TRI,IONE-6 FOODS,,LM1 PLAZA SECTION TRINOMA MALL,EDSA COR.NORTH AVE PAG-ASA Q.C,916-6233,,,232-360-252-000V,F8056E535D0B11E5ADBC00FF59FBB323,108
112,J.E RAMIREZ FRUITS STATION,,SPACE 23-24 MARKET MARKET FORT,"BONIFACIO.GLOBAL CITY, TAGUIG",,,,194-199-407-000,F8056E535D0B11E5ADBC00FF59FBB323,109
38,JAPAN HOME INC.,,Unit 336-337 Market Market,The Fort Taguig MM,,,,234-634-259-000,F8056E535D0B11E5ADBC00FF59FBB323,110
525,JONY V LOYOLA PROP.,,4FC CRUZ ST BRGY MAGTANGOL,PATEROS,9097466,,,100-125-398-000,F8056E535D0B11E5ADBC00FF59FBB323,111
JPA,JPA MOBILEPHONES ACCESSORIES,,"SM HYPERMART FTI, LOT 85 A & B",DBP AVE. WESTERN BICUTAN,,,,108-881-896-008V,F8056E535D0B11E5ADBC00FF59FBB323,112
332,JRAM CRYSTAL ICE DEALER,,1280-B APOLINARIO ST. BRGY.,BANGKAL MAKATI CITY,966-3205,,,172-736-620-000V,F8056E535D0B11E5ADBC00FF59FBB323,113
117,JSMM TRADING,,85 C.RAYMUNDO AVE. BRGY,"CANIO-GAN,PASIG CITY",6423133,,,238-553-631-000,F8056E535D0B11E5ADBC00FF59FBB323,114
165,K NOVELTY WORLD,EMMANUEL C.UY - PROP.,"147-7 MARKET-MARKET,BONIFACIO","GLOBAL CITY,TAGUIG CITY",,,,121-504-123-003N,F8056E535D0B11E5ADBC00FF59FBB323,115
171,KATALYST DIVERSIFIED INDUSTRIES CORPORATION,,21 GENERAL LUNA ST.BRGY.USUSAN,TAGUIG CITY 1637,4231482,,,008-467-360-000,F8056E535D0B11E5ADBC00FF59FBB323,116
SUB,KAWBINADIT CORPORATION,,"Block2,Lot 4 Moonbay Marina",Waterfront Rd.Subic Zambales,(047)252-1488,0922-8629307,,229-956-918-000,F8056E535D0B11E5ADBC00FF59FBB323,117
72,LANDMARK,,,,,,,,F8056E535D0B11E5ADBC00FF59FBB323,118
428,LESLIE ENTERPRISE,,,,,,,,F8056E535D0B11E5ADBC00FF59FBB323,119
709,LITSONHAUS DINERS PHILIPPINES CORP,,METRO MARKET! MARKET!,FORT BONIFACIO TAGUIG CITY,,,,006-596-403-005V,F8056E535D0B11E5ADBC00FF59FBB323,120
262,MAAX ENTERPRISE,,DELA PAZ PASIG CITY,,645/1476,9228798127,,94-501-088-000,F8056E535D0B11E5ADBC00FF59FBB323,121
14,MARIGOLD MANUFACTURING CORP,,"BENIGNO AQUINO AVE., POBLACION",BALIUAG BULACAN,,,,006-843-386-000,F8056E535D0B11E5ADBC00FF59FBB323,122
891,MARKET OFFICE,,MARKET2 FORT BONIFACIO,GLOBAL CITY TAGUIG,,,,205-257-440-004,F8056E535D0B11E5ADBC00FF59FBB323,123
273,MEGA PACIFIC STAINLESS TRADING CO.,,726-728T. MAPUA ST.,STA CRUZ MANILA,7359647/7359627,,,246-100-369-000V,F8056E535D0B11E5ADBC00FF59FBB323,124
60,MERALCO,,,,,,,,F8056E535D0B11E5ADBC00FF59FBB323,125
46,MERCURY DRUG,,Market Market Lot C Boni,Global City Taguig,,,,000-388-474-409,F8056E535D0B11E5ADBC00FF59FBB323,126
12,METRO MARKET! MARKET!,,MABINI ST.GLOBAL CITY,TAGUIG METRO MANILA,,,,226-527-915-001V,F8056E535D0B11E5ADBC00FF59FBB323,127
45,METRO VINOS INC.,,Unit 45 G/F Fruits& Vegetable,Section The Fort Taguig MM,729-5769,,,234-282-454-000V,F8056E535D0B11E5ADBC00FF59FBB323,128
424,"MICROHUB CONCEPT, INC.",,"436 4F MARKET MARKET, INC.",FORT BONIFACIO GLOBAL CITY,,,,008-442-364-002V,F8056E535D0B11E5ADBC00FF59FBB323,129
17,MICROSTATICS COMPUTER SYSTEM CORP.,,217 M.PATINIO ST. MALIBAY,PASAY CITY,854-2526,,,206-843-582-000,F8056E535D0B11E5ADBC00FF59FBB323,130
68,MINI STOP,,SPACE 1 G/F MARKET MARKET MALL,FORT BONIFACIO TAGUIG CITY,,,,123-539-343-000V,F8056E535D0B11E5ADBC00FF59FBB323,131
19,"MJV INDUSTRIES PHILS., INC.",,"126 SAN ANTONIO ST., BRGY",SAN ANTONIO QUEZON CITY,376-54-73,,,260-880-783-000,F8056E535D0B11E5ADBC00FF59FBB323,132
93,MK KITCHEN EQUIPMENT BOGIL ISLA. INC.,,CMB 03 CARTIMAR SHPG CTR TAFT,AVE.BRGY 39 PASAY CITY,,,,222-810-003-005,F8056E535D0B11E5ADBC00FF59FBB323,133
14,MK KITCHENEQUIPMENT,,PASAY CITY,,,,,222-810-003-005,F8056E535D0B11E5ADBC00FF59FBB323,134
442,MRF COCOPRODUCTS INC.,,#13 Kamuning street bagong,ilog Pasig city,,,,007-902-371-000V,F8056E535D0B11E5ADBC00FF59FBB323,135
102,MTRI ENTERPRISES,,5400-PRESS OSMENIA HIGHWAY,BANGKAL MAKATI CITY,425-4850,,,222-165-259-000,F8056E535D0B11E5ADBC00FF59FBB323,136
118,MV3 GENERAL MERCHANDISE,,CITY2349 LUNA ST. BRGY. 040 PA,,,,,233-237-880-000,F8056E535D0B11E5ADBC00FF59FBB323,137
MAS,NATHANAEL 6 FOODS,,SM Masinag Marcos Highway,Antipolo City Rizal,655-6613,9228629305,,270-548-934-001,F8056E535D0B11E5ADBC00FF59FBB323,138
GAL,NATHANAEL 6-FOODS,,Spce 2350 Levl II Robinsons,Galleria EDSA Cor Ortigas Ave,477-7614,0922-8629309,,270-548-934,F8056E535D0B11E5ADBC00FF59FBB323,139
KCC,NATHANAEL SIX FOOD,,1L 102-104 Veranza Mall J.,Catolico Sr.Ave Lagao GENSAN,302-5301,9334410525,,270-548-934-003,F8056E535D0B11E5ADBC00FF59FBB323,140
LAN,NATHANAEL-6 FOODS,,2153 SM LANANG JP LAUREL AVE.,LANANG BRGY.UBALDE DAVAO CITY,,,,270-548-934-002,F8056E535D0B11E5ADBC00FF59FBB323,141
43,NATIONAL BOOK STORE,,MARKET2 BONIFACIO GLOBAL CITY,TAGUIG CITY,,,,000-299-299-051V,F8056E535D0B11E5ADBC00FF59FBB323,142
116,NETOPIA INTERNET CAFE,,16-17th Flr. Food Choices,Market Market Global City,,,,219-621-613-111V,F8056E535D0B11E5ADBC00FF59FBB323,143
1253,"NEW BORN FOOD PRODUCTS, INC.",,BRGY SAN ISIDRO MAKATI CITY,,742-2476,,,000-134-551-000V,F8056E535D0B11E5ADBC00FF59FBB323,144
10,NEW JET GAS CORP.,,,,,,,228-316-047-000,F8056E535D0B11E5ADBC00FF59FBB323,145
67,NEW SENORITO FROZEN FOOD CORP.,,"Dagat-Dagatan Ave., Corner","Libis, Caloocan City",288-9990,,,217-053-833-000,F8056E535D0B11E5ADBC00FF59FBB323,146
30,NEW SIN KIAN HENG CORP.,,"196 CARLOS PALANCA SR. ST,",QUIPO MANILA PHILS,733-21-29,,,229-564-843-000,F8056E535D0B11E5ADBC00FF59FBB323,147
LSS,NIKDER SIX FOOD,,Diversion Road Brgy.Gulang2,Lucena City,795-1030,,,449-124-012-000,F8056E535D0B11E5ADBC00FF59FBB323,148
LUC,NIKDER SIX FOODS,,"UNIT 270 SM LUCENA,BRGY.IBABAN",DUPAYLUCENACITY,,,,449-124-012-002V,F8056E535D0B11E5ADBC00FF59FBB323,149
62,NO KA 0I,,,,,,,005-583-679-000,F8056E535D0B11E5ADBC00FF59FBB323,150
98,OCTAGON COMPUTER SUPERSTORE,,4TH LEVEL MARKET MARKET,"FORT BONIFACIO, GLOBAL CITY",,,,004-780-008-081V,F8056E535D0B11E5ADBC00FF59FBB323,151
121,ODY AND EMY FRUITS AND VAGETABLES DEALER,,16 FRUIT SESSION MARKET MARKET,GLOBAL CITY TAGUIG CITY,,,,235-641-634-000,F8056E535D0B11E5ADBC00FF59FBB323,152
82,PAG IBIG LOAN,,,,,,,,F8056E535D0B11E5ADBC00FF59FBB323,153
85,PAG-IBIG,,,,,,,,F8056E535D0B11E5ADBC00FF59FBB323,154
23,PANADYNAMICS INDUSTRIAL COMPANY,,"NO 30 COMM AVENUE, DILIMAN",QUEZON CITY,(02) 985-59-39,,,007-309-536-000,F8056E535D0B11E5ADBC00FF59FBB323,155
101,PANSOL TRADING,,"HOUSE A-5 2680 F,B HARISON",SAN RAFAEL PASAY CITY,551-2396,,,180-194-302-000,F8056E535D0B11E5ADBC00FF59FBB323,156
58,"PAPER ONE, INC.",,"# 12 TRINIDAD ST.,VICTORIA",VILLAGE CANUMAY VAL CITY,983-8000,,,210-623-253-000,F8056E535D0B11E5ADBC00FF59FBB323,157
15,PAULINO FLORES JR.,,,,049-8371650,09162763294/09202908517,,,F8056E535D0B11E5ADBC00FF59FBB323,158
108,PC HOME CONSUMER ELECTRONICS,,STALL 421 MARKET MARKET,BONIFACIO GLOBAL CITY,,,,242-858-257-002V,F8056E535D0B11E5ADBC00FF59FBB323,159
111,PELICAN FRESH FRUITS,,STALL 25 FIESTA MARKET SOUTH,"SIDE, TAGUIG CITY",,,,133-409-175-000,F8056E535D0B11E5ADBC00FF59FBB323,160
53,"PEPSI-COLA PRODUCTS PHILS., INC.",,WEST CAPITOL DRIVE KAPITOLYO,PASIG CITY,866-9967,,,000-168-541-029,F8056E535D0B11E5ADBC00FF59FBB323,161
809,PETRON,,"EDSA COR., ARNAIS AVE.","DAMARINAS VILLAGE, MAKATI CITY",885-7230,,,007-815-510-000V,F8056E535D0B11E5ADBC00FF59FBB323,162
86,PHILHEALTH,,,,,,,,F8056E535D0B11E5ADBC00FF59FBB323,163
33,PHILIPPINE BRITISH ASSURANCE CO. INC.,,,,,,,,F8056E535D0B11E5ADBC00FF59FBB323,164
78,PHILIPPINE WINE MERCHANTS,,,,,,,000-303-256-000,F8056E535D0B11E5ADBC00FF59FBB323,165
13,PLDT,,LEGASPI COR. DELA ROSA ST.,MAKATI CITY,,,,000-488-793-000V,F8056E535D0B11E5ADBC00FF59FBB323,166
109,PMFTC INC.,,ZEBRA COMPOUND FAIRLINE ST.COR,"WEST CAPITOL,PINEDA,PASIG CITY",,,,007-515-588-049V,F8056E535D0B11E5ADBC00FF59FBB323,167
164,"POLAR QUEEN WATERWAYS,INC.",,720D SANTIAGO ST. SAMPALOC,MANILA,9194591774,,,007-019-796-000V,F8056E535D0B11E5ADBC00FF59FBB323,168
33,"PUREGOLD PRICE CLUB,INC.",,"M CONCEPCION ST,BUTING PASIG",CITY,640-3958/640-9,,,201-277-095-007,F8056E535D0B11E5ADBC00FF59FBB323,169
166,RAMIREZ FRUITS STATION,,23-24 MARKET MARKET TAGUIG,,,,,194-199-407-000N,F8056E535D0B11E5ADBC00FF59FBB323,170
170,RDEX FOOD INTERNATIONAL PHILIPPINES INC.,,"STALL 45 SEAFOODS SEC,FIESTA",MARKET-MARKET THE FORT TAGUIG,889-9334,,,005-979-710-005V,F8056E535D0B11E5ADBC00FF59FBB323,171
113,RETAINER'S FEE ATTY FORTUN,,,,,,,116-283-812-000,F8056E535D0B11E5ADBC00FF59FBB323,172
36,RHIANNE KATE ENTERPRISES,REYNANTE U. LAZARO-PROP.,4/F MARKET MARKET GLOBAL CITY,USUSAN TAGUIG CITY,8866731/7298049,,,215-199-234-001V,F8056E535D0B11E5ADBC00FF59FBB323,173
26,"RKMI PILIPINAS, INC.",,BLDG.1 UNIT IND'L COMPLEX,AQUINO AVE.SAN DIONISIO PARA베,820-0479,,,229-019-087-000V,F8056E535D0B11E5ADBC00FF59FBB323,174
901,ROAN MARKETING,,BLK. 212 LOT 2 SAMPAGUITA ST.,"PEMBO, MAKATI CITY",808-6492,,,900-017-729-000V,F8056E535D0B11E5ADBC00FF59FBB323,175
DCC,ROSE FOUR DINER,,Dasmari바s Commercial Complex,San Agustin 1 Dasma Cavite4114,(046)424-1886,9328543051,,167-669-791-000,F8056E535D0B11E5ADBC00FF59FBB323,176
DAS,ROSE FOUR DINERS,,C063 LGF SM City Dasmari바s,Brgy. Sampaloc,9423904028,,,167-669-791-002,F8056E535D0B11E5ADBC00FF59FBB323,177
SOU,ROSE FOUR DINERS,,Unit 1151-1152 SM Southmall,Zapote Rd.Almanza Uno Las Pi바,511-1266,0932-8525224,,167-669-791-001,F8056E535D0B11E5ADBC00FF59FBB323,178
163,RW SOLUTIONS MARKETING CORP.,MISS LEAH,UNIT 808 CATTLEYA CONDO. 235,SALCEDO ST. LEGASPI VIL. MKT,8924438/7740369,,,008-755-005-000,F8056E535D0B11E5ADBC00FF59FBB323,179
28,SAN MIGUEL BREWERY INC.,,"100 BERNABE AVENUE., SUCAT",PARANAQUE,826-5581,,,006-807-251-018V,F8056E535D0B11E5ADBC00FF59FBB323,180
29,"SANITARY CARE PRODUCTS ASIA, INC.",,,,,,,004-640-600-000,F8056E535D0B11E5ADBC00FF59FBB323,181
9,"SANTINI FOOD SPECIALISTS, INC.",,"1012 TERESA ST., RIZAL VILLAGE",200 MAKATI CITY,896-12-96,,,005-028-513-000,F8056E535D0B11E5ADBC00FF59FBB323,182
BMT,SBM TRANSPO,,,,,,,0,F8056E535D0B11E5ADBC00FF59FBB323,183
MEG,SHA-DINE 6 DINERS,,Upper G/F Mega B SM Megamall,Brgy.Wack-Wack Mandaluyong Cty,909-7213,0922-8629306,,273-856-283-001,F8056E535D0B11E5ADBC00FF59FBB323,184
BAT,SHA-DINE 6 DINERS,,SM Batangas City Ave. Brgy.,Palocan Batangas City 4200,0933-9281452,,,273-856-283-002,F8056E535D0B11E5ADBC00FF59FBB323,185
GRN,SHA-DINE 6 DINERS,,g/f Legaspi St. San Lorenzo,Makati City,892-1545,9228629317,,273-856-283-000,F8056E535D0B11E5ADBC00FF59FBB323,186
11,SHAN-BONN-JADD GENERAL MERCHANDISE,,PASILIO 3 BLOCK 3-C GUADALUPE,COMML. COMPLEX MAKATI CITY,,,,106-226-027-000,F8056E535D0B11E5ADBC00FF59FBB323,187
115,SIGRID AND KYOKO ENTERPRISE,RINA REYES,40 Quezon Ave. Bankers Village,"III, Antipolo City Philippines",696-4604,,,132-075-016-000,F8056E535D0B11E5ADBC00FF59FBB323,188
305,SIKAT ARAW TRADING CORP.,,"RM. 1115 STATE CTR. BLDG.,",JUAN LUNA ST. BINONDO MANILA,242-55-15,,,000-666-945-000V,F8056E535D0B11E5ADBC00FF59FBB323,189
189,SIKAT ARAW TRADING CORP.,,RM 1115 STATE CTR.BLDG.JUAN,LUNA ST.BINONDO MANILA,242-5511,,,000-666-945-000V,F8056E535D0B11E5ADBC00FF59FBB323,190
326,"SIX""T"" ENTERPRISES",,SAN GUILLERMO AVE BUTING,PASIG CITY,,,,,F8056E535D0B11E5ADBC00FF59FBB323,191
KHT,SKH TRANSPO,,,,,,,0,F8056E535D0B11E5ADBC00FF59FBB323,192
25,SKY PC COMPUTER CENTER,,GILMORE ST.VALENCIA QUEZON CTY,,4141477,,,000-000-000-000,F8056E535D0B11E5ADBC00FF59FBB323,193
712,SM AURA PREMIER,,26th St.Mc Kinley Parkway,Brgy Fort Bonifacio Global Cit,,,,000-144-976-064V,F8056E535D0B11E5ADBC00FF59FBB323,194
83,SOCIAL SECURITY SYSTEM,,,,,,,0,F8056E535D0B11E5ADBC00FF59FBB323,195
80L,SOCIAL SECURITY SYSTEM LOAN,,,,,,,0,F8056E535D0B11E5ADBC00FF59FBB323,196
31,"SOFIA SEAFOOD, INC.",,2346 MARCONI ST BRGY PALANAN,MAKATI CITY,832-8020,,,007-883-931-000V,F8056E535D0B11E5ADBC00FF59FBB323,197
32,SOUTH STAR DISTRIBUTOR INC.,,KALAW STREET BF HOMES,PARANAQUE CITY,809-15-66,,,203-010-720-000,F8056E535D0B11E5ADBC00FF59FBB323,198
69,STATION SQUARE EAST COMMERCIAL CORP.,,MARKET MARKET BONIFACIO GLOBAL,CITY TAGUIG CITY,886-7517,,,000-471-500-000V,F8056E535D0B11E5ADBC00FF59FBB323,199
SVH,STEPHEN VILLAHERMOSA,,"FESTIVAL SUPERMALL, MUNTINLUPA",CITY,,,,000-000-000-000,F8056E535D0B11E5ADBC00FF59FBB323,200
61,SUPER 8 GROCERY WAREHOUSE,,G/F Guadalupe Commercia,"Complex EDSA Guadalupe,Makati",,,,221-693-893-017,F8056E535D0B11E5ADBC00FF59FBB323,201
152,T.H.E ELECTRONICS BOUTIQUE INC.,,SPACE L4 433-435 FOURTH FLOOR,MARKET! MARKET! GLOBAL CITY,,,,006-750-574-012V,F8056E535D0B11E5ADBC00FF59FBB323,202
157,TEBEEMINI CORPORATION,,unit 405 taipan place don f.,ortigas center pasig city,,,,008-282-025-000V,F8056E535D0B11E5ADBC00FF59FBB323,203
999,TEMP UNKNOWN,,,,,,,,F8056E535D0B11E5ADBC00FF59FBB323,204
35,TERESA & SON'S,,,,,,,000-307-807-000,F8056E535D0B11E5ADBC00FF59FBB323,205
214,"THE WINES & SPIRITS SPECIALIST, INC",,"166 Sen Gil Puyat Avenue,",Pasay City,,,,232-035-041-000,F8056E535D0B11E5ADBC00FF59FBB323,206
56,"TIP TOP DISTRIBUTION, INC.",,5/F 508 MDC-VFP BLDG.6 INDUSTR,IAL VETERANSST.TAGUIG CITY,,,,205-899-943-000V,F8056E535D0B11E5ADBC00FF59FBB323,207
97,"TRI-DATA INTEGRATORS, INC",,"31ST STREET,CRESCENT PARK WEST",BONIFACIOGLOBAL CITY TAGUIG,8828287,,,008-375-087,F8056E535D0B11E5ADBC00FF59FBB323,208
22,TRIPLE D,,BLK 17 LOT 33 VILLA LUISA,"HOMES I DASMARINAS, CAVITE",(046) 973-0827,,,109-711-854,F8056E535D0B11E5ADBC00FF59FBB323,209
27,TRL MEAT DEALER,,"95 19th Avenue,San Roque,","Murphy, Quezon City",9123040/4403585,,,115-300-670-000V,F8056E535D0B11E5ADBC00FF59FBB323,210
110,TROPICAL ISLE ENTERPRISES,,"35 Pacific Drive,Pacific Grand","Villa, Paranaque City",,,,245-189-390-000,F8056E535D0B11E5ADBC00FF59FBB323,211
52,V.M. LIWANAG ENTERPRISES,Valeriano Liwanag,Sta Rosa Laguna,,(049)837-6174,,,107-080-681-00,F8056E535D0B11E5ADBC00FF59FBB323,212
39,VADUZ MARKETING CORP.,,BLDG 6 VETERANS COMPOUND,TAGUIG METRO MANILA,858-1385,,,215-365-080-000,F8056E535D0B11E5ADBC00FF59FBB323,213
54,WATSONS,,Fort Bonifacio Taguig  M Mnla,,,,,230-393-680-006,F8056E535D0B11E5ADBC00FF59FBB323,214
